id,name,email
10001,Olivia Bennett,olivia.bennett@example.edu
10002,Liam Carter,liam.carter@example.edu
10003,Emma Davis,emma.davis@example.edu
10004,Noah Evans,noah.evans@example.edu
10005,Ava Foster,ava.foster@example.edu
10006,William Garcia,william.garcia@example.edu
10007,Sophia Harris,sophia.harris@example.edu
10008,James Irving,james.irving@example.edu
10009,Isabella Johnson,isabella.johnson@example.edu
10010,Lucas King,lucas.king@example.edu
10011,Mia Lee,mia.lee@example.edu
10012,Henry Miller,henry.miller@example.edu
10013,Charlotte Nelson,charlotte.nelson@example.edu
10014,Alexander Ortiz,alexander.ortiz@example.edu
10015,Amelia Parker,amelia.parker@example.edu
10016,Benjamin Quinn,benjamin.quinn@example.edu
10017,Evelyn Rivera,evelyn.rivera@example.edu
10018,Daniel Scott,daniel.scott@example.edu
10019,Harper Thompson,harper.thompson@example.edu
10020,Michael Underwood,michael.underwood@example.edu